building,name,area,perim,shape,sample,vertices
yes,iqrha,243.16353,66.43053,0.69242,34,9
yes,venkana,295.37123,74.29042,0.67253,,9
yes,teresa,205.77651,66.22643,0.58958,7,9
yes,andy,219.61385,68.66999,0.58524,62,15
yes,kelvin,176.43662,53.22867,0.78254,40,5
yes,martha,300.96984,75.27651,0.66744,57,13
yes,ruben,129.57958,48.33343,0.69703,,8
yes,bhavana,222.18634,71.45336,0.54687,55,13
yes,teesta,227.35385,71.39569,0.56049,,13
yes,ashley,211.07927,58.20483,0.78296,,5
yes,bhojaraj,138.02117,47.09987,0.78184,19,5
yes,richman,159.21814,54.61797,0.6707,36,7
yes,ruben,237.83259,66.88312,0.66811,,10
yes,bhavana,316.67526,80.08597,0.62046,,9
yes,bhojaraj,196.04726,56.79413,0.76377,,7
yes,ashley,264.15762,68.72267,0.70287,41,13
yes,martha,156.62311,52.67373,0.70938,59,7
yes,iqrha,223.20913,70.19261,0.5693,33,13
yes,bhavana,263.77724,68.3471,0.70959,23,9
yes,ranjith,218.90944,67.67066,0.60072,,9
yes,andy,188.8088,63.49259,0.58855,27,13
yes,kelvin,237.12255,63.71424,0.73402,50,9
yes,martha,234.94171,65.8869,0.6801,58,11
yes,ruben,207.76293,59.61399,0.73465,42,7
yes,venkana,227.15944,62.43502,0.73229,50,9
yes,teesta,167.87669,56.77526,0.65446,51,11
yes,ranjith,221.75524,64.9498,0.66058,,9
yes,bhojaraj,307.29822,71.09285,0.76404,57,7
yes,richman,231.09565,65.68498,0.67308,,13
yes,ruben,246.58975,64.72587,0.73965,77,9
yes,teresa,242.17172,86.41131,0.40756,,13
yes,bhojaraj,167.64846,61.2435,0.56168,,13
yes,ranjith,361.80792,86.1955,0.61195,,11
yes,martha,213.91662,78.60174,0.4351,,9
yes,iqrha,266.24266,87.57664,0.43623,,11
yes,venkana,280.97318,73.51505,0.65331,,9
yes,ranjith,334.57561,77.75177,0.69548,,7
yes,bhojaraj,234.85154,64.43106,0.71091,59,9
yes,kelvin,128.24966,47.51216,0.71393,36,7
yes,richman,176.06188,60.12642,0.61199,,9
yes,ruben,122.51299,46.19263,0.72152,34,7
yes,bhavana,240.35718,64.49429,0.72615,42,7
yes,teesta,217.5598,71.04719,0.54162,,15
yes,ashley,242.42531,69.63817,0.62819,56,9
yes,richman,215.59874,63.86998,0.66414,,11
yes,richman,346.41244,82.03887,0.64679,,11
yes,venkana,139.02988,49.0702,0.72557,37,7
yes,teresa,269.31387,72.35668,0.64641,28,11
yes,andy,168.44867,57.80308,0.63354,39,9
yes,ranjith,305.93167,85.68563,0.52362,,11
yes,martha,295.42758,85.99193,0.50205,1,9
yes,iqrha,153.23069,55.06597,0.63502,36,7
yes,bhavana,211.73578,60.43633,0.72846,,5
yes,kelvin,285.5321,75.35294,0.63192,56,9
yes,ranjith,297.48726,70.8703,0.7443,,5
yes,bhojaraj,172.4356,52.52748,0.78535,,5
yes,richman,11.67622,13.81556,0.76873,,5
yes,ruben,73.32859,42.10393,0.5198,,7
yes,venkana,294.65555,71.11406,0.73217,2,7
yes,bhojaraj,258.62381,67.10492,0.72172,2,7
yes,ranjith,253.12382,64.87186,0.75584,41,5
yes,richman,296.52927,72.78656,0.70336,57,9
yes,iqrha,298.341,73.20542,0.69958,67,7
yes,venkana,122.56652,46.19528,0.72175,,7
yes,teresa,223.62332,62.78364,0.71291,48,9
yes,andy,188.81161,63.49255,0.58856,26,13
yes,kelvin,248.92838,74.79467,0.55917,72,13
yes,richman,260.8441,67.80232,0.71302,45,7
yes,iqrha,287.33537,79.17379,0.57602,71,15
yes,venkana,158.98146,56.69828,0.62146,31,9
yes,kelvin,239.91481,69.45253,0.62501,47,7
yes,ranjith,226.4663,60.23392,0.78439,,5
yes,andy,246.89124,72.90179,0.58377,12,13
yes,manohar,214.46887,70.13953,0.54783,,11
yes,ruben,210.90176,65.34515,0.62067,76,9
yes,bhavana,244.63151,65.89891,0.70789,65,7
yes,bhojaraj,256.76137,69.30045,0.67184,67,7
yes,ashley,288.05668,79.26767,0.5761,69,11
yes,richman,161.21301,52.907,0.72374,53,7
yes,iqrha,309.05923,81.48846,0.58487,68,13
yes,venkana,198.49296,58.65976,0.72489,,7
yes,teresa,268.40096,74.77758,0.60319,1,11
yes,bhojaraj,244.0229,66.30095,0.69759,,9
yes,ashley,231.79724,66.98491,0.64918,47,7
yes,martha,230.27291,65.70188,0.67034,,9
yes,ruben,164.43355,56.03433,0.6581,72,7
yes,bhavana,156.88797,56.05054,0.62754,36,9
yes,teesta,213.37,62.86776,0.6784,59,11
yes,ranjith,194.97939,66.18004,0.55943,3,9
yes,andy,214.23501,63.79934,0.66141,65,11
yes,richman,210.20581,67.82514,0.57421,33,13
yes,ruben,179.4712,74.68669,0.40431,68,13
yes,bhavana,257.84897,68.48588,0.69083,38,7
yes,bhojaraj,204.28881,63.38139,0.63904,,9
yes,ranjith,235.92506,72.31549,0.56692,,11
yes,richman,238.56799,65.19616,0.70531,,9
yes,iqrha,366.03999,93.93054,0.52134,69,15
yes,bhavana,220.44223,74.12063,0.50423,46,13
yes,ranjith,245.10768,67.71175,0.6718,10,9
yes,andy,206.63025,65.32972,0.60839,42,11
yes,ranjith,445.02354,84.41388,0.78481,,5
yes,richman,233.11307,78.43422,0.47617,1,11
yes,ruben,125.54475,46.59288,0.72672,,7
yes,venkana,123.06524,46.65874,0.71036,,7
yes,teesta,166.85389,54.7362,0.69984,,5
yes,ranjith,292.84946,74.86385,0.65661,,9
yes,bhojaraj,238.32849,67.74533,0.65257,,9
yes,richman,219.08695,77.18102,0.46217,,9
yes,ruben,331.39733,83.47236,0.59769,,13
yes,teresa,176.27602,63.45422,0.55015,,11
yes,bhojaraj,219.77445,59.39779,0.78279,42,5
yes,ashley,318.83074,76.84761,0.67844,2,9
yes,richman,203.56186,61.3602,0.67941,63,11
yes,iqrha,279.87995,69.91015,0.71962,77,9
yes,venkana,145.27373,54.32948,0.61848,,12
yes,ranjith,240.25574,69.36936,0.6274,,11
yes,andy,115.59573,44.79042,0.72407,60,9
yes,kelvin,200.05956,61.0128,0.67535,20,7
yes,manohar,211.1469,76.96965,0.44787,,9
yes,ruben,41.68671,27.71448,0.68201,,5
yes,bhavana,223.63741,66.60816,0.63343,48,13
yes,teesta,226.60155,70.54019,0.57227,56,13
yes,ranjith,252.51803,64.36983,0.76584,,5
yes,richman,248.91429,76.71822,0.53145,,11
yes,richman,277.00597,73.57133,0.6431,,9
yes,venkana,243.68479,66.70811,0.68815,,9
yes,teresa,269.97883,73.48494,0.62826,5,9
yes,andy,251.59667,73.7093,0.58193,5,13
yes,kelvin,203.72528,60.4836,0.69981,48,9
yes,martha,226.43249,64.73437,0.67901,,13
yes,iqrha,341.09559,73.9331,0.78417,66,5
yes,bhavana,355.09916,81.26271,0.67574,1,9
yes,kelvin,280.86612,71.35518,0.6932,60,7
yes,ashley,184.9881,64.70825,0.55518,16,13
yes,andy,176.58877,63.35289,0.55289,53,13
yes,manohar,151.3288,54.60386,0.6378,72,7
yes,ruben,218.91508,63.00695,0.69296,67,9
yes,venkana,212.34439,66.54143,0.60265,,11
yes,bhojaraj,18.63293,18.52576,0.68224,,5
yes,ranjith,191.56443,56.10709,0.7647,,7
yes,richman,230.37998,67.54587,0.63454,47,7
yes,iqrha,259.39584,68.38947,0.69694,,9
yes,venkana,191.38974,60.36731,0.65997,,9
yes,teresa,235.89125,63.45235,0.73625,50,9
yes,bhojaraj,296.89556,68.94528,0.78488,66,5
yes,ashley,119.94613,45.71323,0.72129,36,7
yes,richman,178.62591,58.90904,0.64683,39,9
yes,ruben,128.84982,47.60864,0.71437,37,7
yes,venkana,246.25727,65.14275,0.72923,41,7
yes,teesta,193.17893,55.64253,0.78407,55,5
yes,ashley,204.26627,65.25819,0.60275,14,13
yes,bhojaraj,164.55471,56.73256,0.64247,11,7
yes,manohar,190.89102,60.6333,0.65249,73,7
yes,ruben,198.60003,57.90389,0.74434,,7
yes,bhavana,206.35131,57.50352,0.7842,,5
yes,bhojaraj,114.49404,46.16288,0.67516,10,9
yes,ranjith,277.66248,78.77912,0.56222,,11
yes,richman,54.96052,29.86841,0.77417,,6
yes,iqrha,237.35359,70.15636,0.606,,11
yes,bhavana,209.11257,77.86452,0.43342,30,15
yes,teresa,263.86177,69.73898,0.68177,67,9
yes,bhojaraj,216.53137,59.00229,0.78161,44,5
yes,ranjith,244.63996,63.21359,0.76934,,5
yes,martha,233.96681,73.49767,0.54427,31,13
yes,ruben,103.22919,45.56489,0.62481,,7
yes,bhavana,187.26756,55.89123,0.75333,,7
yes,teesta,201.82339,68.03103,0.54798,3,9
yes,ashley,267.98395,72.05178,0.64868,,9
yes,andy,198.23374,65.90005,0.57361,47,9
yes,richman,199.58338,65.5292,0.58407,,11
yes,ruben,276.72985,78.6895,0.56161,,11
yes,teresa,247.11665,65.66544,0.72017,41,7
yes,bhojaraj,132.06191,46.40131,0.77077,30,5
yes,ranjith,152.31778,49.50191,0.78112,35,5
yes,martha,174.53191,58.62589,0.63812,,9
yes,iqrha,197.43917,56.31168,0.78243,,5
yes,venkana,182.66075,60.55413,0.62599,33,7
yes,ranjith,187.86208,55.98478,0.7532,47,5
yes,bhojaraj,193.8298,56.36897,0.76657,49,5
yes,kelvin,163.23325,54.16955,0.69905,59,7
yes,richman,36.09373,26.15862,0.66284,,5
yes,ruben,126.4013,47.07137,0.71688,26,7
yes,venkana,230.43351,61.97683,0.75387,28,7
yes,teesta,200.65408,61.48759,0.66693,5,13
yes,ashley,241.77444,64.57281,0.72865,38,9
yes,bhojaraj,162.92331,71.65336,0.39877,70,13
yes,richman,125.44895,47.46752,0.69965,,7
yes,ruben,129.84725,47.87387,0.71194,35,7
yes,teresa,226.75652,64.91704,0.67616,42,9
yes,bhojaraj,212.49654,67.62438,0.58392,73,9
yes,ranjith,237.98756,63.86176,0.7333,43,7
yes,martha,203.31673,57.84027,0.7637,,7
yes,iqrha,245.60922,75.72078,0.5383,,11
yes,bhavana,247.44913,65.62736,0.72198,45,7
yes,ranjith,242.80569,67.01713,0.67935,,11
yes,andy,148.08008,55.65818,0.60069,19,11
yes,kelvin,116.5509,45.51531,0.70698,24,7
yes,richman,10.8253,13.17309,0.78392,,6
yes,ruben,41.24152,25.72657,0.78303,,5
yes,venkana,341.83662,84.38895,0.60319,,13
yes,teesta,225.40688,66.47494,0.641,47,7
yes,ashley,200.9133,60.3312,0.69364,64,7
yes,richman,12.84835,14.36537,0.78239,,5
yes,richman,27.82401,22.96601,0.66292,,5
yes,venkana,335.07151,86.17572,0.56699,,11
yes,teresa,195.32877,59.62724,0.69038,20,7
yes,bhojaraj,218.53752,64.38371,0.6625,,11
yes,ranjith,228.34002,78.0019,0.47161,30,13
yes,martha,334.53616,73.16477,0.78532,66,5
yes,iqrha,246.00087,64.891,0.73414,6,7
yes,venkana,306.81922,79.33602,0.61256,,11
yes,kelvin,194.87232,62.88446,0.61926,70,11
yes,ranjith,286.1886,74.44539,0.64891,,9
yes,bhojaraj,257.52776,66.74419,0.72645,41,7
yes,richman,174.69815,59.47975,0.62053,,13
yes,ruben,213.90535,67.30424,0.5934,44,11
yes,venkana,249.14815,66.96557,0.69817,23,9
yes,bhojaraj,147.09955,48.64544,0.78115,,5
yes,ashley,371.51744,81.37154,0.70509,68,13
yes,richman,219.48706,63.75503,0.67856,48,9
yes,iqrha,239.79929,66.65744,0.6782,44,11
yes,venkana,165.02244,55.93362,0.66284,35,9
yes,teresa,249.59334,71.12668,0.61998,74,11
yes,andy,250.91198,65.80998,0.72803,43,10
yes,ranjith,242.5042,68.2445,0.65432,21,9
yes,martha,243.19734,71.10144,0.60452,67,15
yes,ruben,189.7217,68.65772,0.50576,,9
yes,bhavana,269.19271,73.25429,0.63039,5,9
yes,kelvin,864.97308,125.90877,0.68565,,5
yes,ashley,162.73453,51.98467,0.75673,,5
yes,bhojaraj,205.64126,58.87819,0.74544,,7
yes,manohar,169.44047,56.44072,0.66841,62,10
yes,ruben,46.23998,27.98023,0.74221,,5
yes,bhavana,205.76524,61.6852,0.67955,39,9
yes,bhojaraj,220.67046,66.78929,0.62164,12,7
yes,ashley,236.06594,69.92168,0.60676,33,11
yes,martha,253.76623,66.53805,0.72028,,7
yes,iqrha,256.9107,66.36283,0.73306,41,7
yes,venkana,202.43481,66.54904,0.5744,47,9
yes,teresa,225.92814,65.75914,0.65655,,9
yes,andy,127.5678,47.26651,0.71754,24,8
yes,kelvin,189.79215,59.95602,0.66347,73,7
yes,richman,245.89944,65.56161,0.7189,43,7
yes,ruben,41.96001,28.71025,0.63969,,5
yes,venkana,185.84184,55.73544,0.75178,40,7
yes,teesta,247.34206,65.22499,0.7306,41,7
yes,ranjith,331.91859,72.9203,0.78441,66,5
yes,bhojaraj,254.56644,65.7064,0.74096,76,7
yes,richman,152.64463,54.53834,0.64489,,11
yes,ruben,22.32683,19.036,0.77426,,5
yes,teresa,205.29188,66.53996,0.58266,51,15
yes,bhojaraj,162.37951,54.78489,0.67986,35,7
yes,ashley,244.25958,67.69652,0.66977,34,9
yes,richman,264.21397,70.8733,0.661,61,9
yes,iqrha,204.49731,57.28049,0.78322,40,5
yes,bhavana,241.10384,72.72025,0.57293,29,15
yes,ranjith,266.2483,73.39569,0.62109,,13
yes,bhojaraj,194.34542,55.84653,0.78305,,5
yes,ranjith,304.4806,72.40884,0.72977,2,7
yes,richman,71.60702,39.21983,0.585,,6
yes,ruben,125.11647,47.68237,0.69153,,9
yes,bhavana,211.48501,62.90678,0.67157,35,11
yes,teesta,297.445,77.64587,0.61998,57,17
yes,ashley,210.96657,60.4682,0.72505,63,7
yes,richman,257.20937,68.39791,0.69089,,9
yes,richman,147.08264,56.39607,0.58113,,13
yes,ruben,56.61446,32.65918,0.667,,5
yes,teresa,314.38735,84.36332,0.55509,78,9
yes,andy,195.80495,65.50283,0.57347,7,9
yes,ashley,206.98245,62.36501,0.66875,26,9
yes,martha,227.01856,79.94115,0.44641,,9
yes,iqrha,277.94706,86.82712,0.4633,1,11
yes,venkana,161.67792,55.45852,0.66058,,9
yes,kelvin,327.68089,91.70628,0.48962,71,15
yes,ranjith,219.72937,62.32291,0.71089,,7
yes,bhojaraj,227.76523,60.41636,0.78413,14,5
yes,manohar,310.00595,79.68524,0.61351,,11
yes,ruben,205.61027,78.45624,0.41976,41,11
yes,venkana,247.62664,73.17209,0.58119,12,13
yes,bhojaraj,174.17689,56.6002,0.68323,3,7
yes,ranjith,247.09693,67.09124,0.68983,62,7
yes,richman,21.39138,19.10645,0.73636,,5
yes,richman,353.78333,78.08037,0.72923,,7
yes,venkana,218.27266,65.44642,0.64038,59,9
yes,teresa,272.79645,86.92942,0.45364,,11
yes,bhojaraj,199.4904,60.89612,0.67601,63,9
yes,kelvin,280.21524,71.05955,0.69736,77,11
yes,martha,174.87848,62.507,0.56246,19,15
yes,iqrha,217.943,67.4845,0.60137,7,11
yes,bhavana,291.0969,72.70497,0.69202,61,7
yes,kelvin,166.26219,55.39444,0.68088,52,9
yes,ashley,216.72579,64.51863,0.65426,12,9
yes,andy,229.83618,69.02425,0.60621,57,11
yes,manohar,264.47883,65.18545,0.78217,76,6
yes,ruben,13.05404,14.69378,0.75978,,5
yes,bhavana,157.94176,59.82983,0.55446,19,13
yes,bhojaraj,252.91531,81.84869,0.47442,78,11
yes,ashley,250.25548,66.5592,0.70987,23,9
yes,richman,284.6699,70.0999,0.72797,23,7
yes,iqrha,168.76142,55.93809,0.67775,,7
yes,venkana,127.11134,47.2789,0.71459,60,7
yes,teresa,153.0081,55.60254,0.62192,37,7
yes,bhojaraj,272.52314,72.89281,0.64453,56,7
yes,kelvin,202.87436,65.3322,0.59729,,13
yes,martha,204.07185,68.22238,0.55098,7,11
yes,ruben,225.35898,80.32502,0.43892,,9
yes,venkana,180.07981,59.71236,0.63467,,7
yes,teesta,296.27005,75.25883,0.65733,2,23
yes,ranjith,255.4399,67.56772,0.7031,64,7
yes,andy,179.57263,54.91217,0.74836,40,7
yes,manohar,241.39124,64.56266,0.72773,43,7
yes,ruben,229.43326,73.49887,0.53371,,12
yes,bhavana,215.24654,63.63927,0.66788,59,11
yes,bhojaraj,244.09052,66.48566,0.69391,75,7
yes,ranjith,187.61412,54.93748,0.78116,40,5
yes,martha,272.39071,75.97836,0.59296,,15
yes,iqrha,251.5375,68.16089,0.68036,,9
yes,venkana,208.10387,57.71726,0.78502,5,5
yes,ranjith,240.51496,71.57559,0.58996,,9
yes,andy,215.5283,67.25848,0.59871,,11
yes,ashley,155.34109,56.14537,0.61925,37,9
yes,martha,228.40764,67.43219,0.63123,,11
yes,ruben,123.09623,46.22641,0.72389,,8
yes,bhavana,229.0078,69.84573,0.5899,47,17
yes,teesta,163.90102,56.21175,0.65183,52,11
yes,ashley,243.34667,78.00527,0.50256,30,11
yes,bhojaraj,208.68711,59.27073,0.74649,,7
yes,richman,47.95591,31.04897,0.62511,,5
yes,ruben,1.49052,10.17098,0.18106,,5
yes,teresa,183.35388,60.1375,0.6371,,7
yes,bhojaraj,164.98581,53.54921,0.72302,53,7
yes,ashley,198.63102,67.88413,0.54165,7,15
yes,richman,220.0055,66.30389,0.62888,62,13
yes,iqrha,285.05592,71.73399,0.69613,,7
yes,bhavana,246.09667,65.05579,0.73071,9,7
yes,ranjith,257.44887,67.45362,0.71103,23,9
yes,andy,167.48786,56.1114,0.66848,52,11
yes,kelvin,125.49685,48.4798,0.671,10,9
yes,manohar,343.19471,83.91718,0.61242,,11
yes,ruben,196.31776,60.59806,0.67182,73,7
yes,venkana,233.03981,66.15672,0.6691,38,9
yes,teesta,218.32901,67.09296,0.60949,,9
yes,ranjith,193.30854,55.66461,0.78397,42,5
yes,richman,185.03318,60.54405,0.63433,,11
yes,richman,349.14553,82.13224,0.65041,,13
yes,ruben,129.02169,52.26223,0.5936,69,9
yes,teresa,169.01219,55.74972,0.68335,34,9
yes,andy,217.32876,66.9927,0.60852,44,11
yes,ranjith,310.45396,74.54731,0.70201,,7
yes,martha,196.14306,57.7599,0.7388,40,9
yes,iqrha,213.78701,78.21705,0.43912,,9
yes,venkana,204.1761,61.50683,0.67822,63,11
yes,kelvin,254.83411,67.82544,0.69612,23,11
yes,ranjith,331.39452,88.97135,0.52608,,13
yes,bhojaraj,199.69327,74.27957,0.45481,68,11
yes,richman,142.1828,49.97448,0.71542,,11
yes,ruben,154.4789,56.9768,0.59797,31,9
yes,bhavana,299.77799,73.87739,0.69022,,7
yes,bhojaraj,248.60717,64.54517,0.74989,,7
yes,ashley,170.2773,56.82028,0.66276,11,9
yes,richman,233.41737,64.64871,0.70182,58,7
yes,richman,358.57611,78.14874,0.73781,,7
yes,venkana,121.27887,45.90609,0.72319,24,7
yes,teresa,182.13103,63.88704,0.56075,19,13
yes,andy,159.1646,53.49149,0.69902,59,9
yes,ashley,152.25016,51.79125,0.71327,53,7
yes,martha,244.40891,76.11579,0.53012,,33
yes,iqrha,160.59877,56.72952,0.6271,35,7
yes,bhavana,195.18225,66.11843,0.56105,16,15
yes,kelvin,177.18611,57.94579,0.66312,,11
yes,ranjith,225.11948,61.84685,0.73958,50,9
yes,bhojaraj,307.2954,80.07551,0.60224,,11
yes,richman,235.13612,70.28174,0.5982,12,13
yes,ruben,57.25406,37.29702,0.51721,,6
yes,bhavana,226.14509,63.77954,0.69861,40,7
yes,bhojaraj,173.13719,59.03139,0.62436,,7
yes,ranjith,155.05933,54.88,0.64696,36,7
yes,richman,232.87076,66.88393,0.65416,51,11
yes,iqrha,257.71372,71.37096,0.63578,74,9
yes,venkana,169.31931,56.57907,0.66467,34,11
yes,teresa,218.18531,63.75487,0.67454,40,9
yes,andy,196.59952,66.11302,0.56522,51,15
yes,ashley,244.67377,69.95586,0.62827,44,17
yes,richman,12.70747,14.36739,0.77359,,5
yes,ruben,193.97631,61.34942,0.64765,38,9
yes,bhavana,13.88805,15.03329,0.77222,,5
yes,teesta,248.27187,87.347,0.40892,1,25
yes,ranjith,291.63788,78.72924,0.59126,,11
yes,andy,273.14583,73.58018,0.63399,61,9
yes,manohar,286.19424,71.45664,0.70434,77,9
yes,ruben,265.80029,67.70791,0.72859,43,7
yes,bhavana,205.34541,67.04773,0.57402,,9
yes,bhojaraj,218.73475,59.18302,0.78475,,5
yes,ashley,165.62259,53.75953,0.72014,59,7
yes,martha,236.235,70.76493,0.59281,,11
yes,iqrha,241.22782,72.02319,0.58438,73,11
yes,venkana,292.49726,80.80633,0.56291,,11
yes,ranjith,179.18944,58.41437,0.65991,51,11
yes,bhojaraj,210.39177,58.03209,0.78506,,5
yes,kelvin,319.61968,71.51276,0.78537,66,5
yes,richman,241.62229,69.10452,0.63582,28,11
yes,ruben,25.52201,21.37104,0.70222,,5
yes,bhavana,213.84618,61.92829,0.7007,,9
yes,teesta,257.72217,79.04277,0.51837,,13
yes,ranjith,206.78804,63.99669,0.63448,12,9
yes,bhojaraj,322.87121,81.34637,0.61314,,11
yes,richman,261.46398,72.31497,0.6283,,13
yes,ruben,134.45407,60.28045,0.46498,,11
yes,teresa,168.78678,62.48506,0.54324,27,11
yes,bhojaraj,205.06929,59.17188,0.736,50,5
yes,ranjith,211.63998,58.19222,0.78538,,5
yes,martha,274.48139,84.17459,0.48681,78,13
yes,iqrha,209.29572,64.81202,0.62612,72,9
yes,venkana,214.97604,63.24247,0.67543,48,9
yes,ranjith,238.88919,64.95708,0.71146,45,7
yes,andy,259.98191,75.33642,0.57563,56,19
yes,kelvin,167.09621,56.71457,0.65281,11,9
yes,manohar,159.67178,55.24797,0.65736,79,5
yes,ruben,186.19686,56.09147,0.74368,13,7
yes,bhavana,316.81896,89.57433,0.4962,56,13
yes,teesta,217.21605,62.26266,0.70412,65,7
yes,ranjith,256.39508,69.74727,0.66232,,9
yes,richman,238.92864,63.55437,0.74334,,11
yes,richman,351.03615,88.95998,0.55741,,15
yes,venkana,184.38795,59.27941,0.65938,46,9
yes,teresa,234.30211,70.90579,0.58563,3,9
yes,bhojaraj,229.24448,76.95204,0.48648,46,11
yes,ashley,38.24075,24.76524,0.78352,,5
yes,richman,350.03308,77.98625,0.72324,2,7
yes,iqrha,265.70168,68.72039,0.70702,76,9
yes,venkana,279.44603,73.06551,0.65778,13,9
yes,kelvin,34.44824,23.49876,0.78395,,5
yes,ashley,285.77159,78.11515,0.58852,61,17
yes,andy,241.95195,67.2353,0.67258,45,9
yes,manohar,268.2319,73.44797,0.62483,5,9
yes,ruben,156.12157,55.18137,0.6443,27,7
yes,bhavana,193.64947,65.79982,0.56205,64,9
yes,bhojaraj,233.4371,65.87183,0.67605,,11
yes,ranjith,21.61679,19.39644,0.72203,,5
yes,richman,242.89585,71.27014,0.60092,59,13
yes,iqrha,199.65382,59.55338,0.70742,55,7
yes,venkana,121.69869,46.09173,0.71986,52,7
yes,teresa,221.13255,67.06862,0.61777,44,11
yes,andy,137.13926,52.9799,0.61397,,11
yes,ranjith,412.30533,82.83753,0.75505,,7
yes,martha,252.32079,67.22643,0.70159,76,9
yes,ruben,165.82546,58.02944,0.61882,14,9
yes,venkana,153.27859,53.57881,0.67097,64,9
yes,teesta,218.45862,72.67102,0.51982,44,17
yes,ranjith,184.26679,54.88515,0.76868,26,5
yes,andy,276.41146,76.0423,0.6007,,11
yes,manohar,327.18499,72.35377,0.78538,66,5
yes,ruben,179.42893,60.74329,0.61109,71,7
yes,bhavana,231.38869,64.56704,0.69748,58,9
yes,bhojaraj,201.98963,57.05266,0.77981,40,5
yes,ranjith,259.79031,73.09235,0.61107,5,9
yes,martha,202.51934,67.9606,0.55101,14,13
yes,iqrha,203.00961,66.63827,0.57448,20,13
yes,venkana,225.21246,67.72787,0.61697,44,11
yes,teresa,240.39944,66.9444,0.67408,52,9
yes,bhojaraj,130.01631,45.99407,0.77233,37,5
yes,ranjith,308.23649,77.82247,0.63956,,9
yes,martha,256.20066,71.22274,0.63468,75,11
yes,ruben,363.676,84.25998,0.6437,,13
yes,venkana,202.79265,78.93772,0.40897,30,13
yes,teesta,153.75759,49.91554,0.77549,,5
yes,ashley,254.09308,78.29918,0.52082,29,25
yes,bhojaraj,223.76984,66.70918,0.63189,47,7
yes,richman,224.98705,71.83879,0.54783,31,13
yes,ruben,191.00654,62.72451,0.61007,,9
yes,teresa,200.15817,66.48139,0.56909,14,11
yes,bhojaraj,248.30287,64.98569,0.73885,,7
yes,ranjith,324.99852,74.5273,0.73529,,9
yes,richman,220.72681,65.40801,0.64834,,11
yes,iqrha,269.70552,71.83497,0.65679,56,9
yes,bhavana,184.85849,60.34136,0.638,,9
yes,ranjith,218.70657,71.73651,0.53406,,11
yes,bhojaraj,258.68862,65.46935,0.75842,,5
yes,kelvin,260.68631,68.8738,0.69059,76,9
yes,richman,159.11107,62.56069,0.51087,27,11
yes,ruben,208.01652,65.67808,0.60599,,9
yes,venkana,273.01059,77.28933,0.57431,56,15
yes,teesta,272.08359,65.98298,0.78532,45,5
yes,ranjith,212.54162,66.66668,0.60095,63,11
yes,bhojaraj,126.47456,47.06419,0.71752,36,7
yes,richman,221.67353,78.89697,0.44751,,10
yes,ruben,184.15127,60.5572,0.63103,,8
yes,teresa,215.94249,66.55522,0.61261,65,9
yes,andy,172.62156,61.26289,0.57798,16,13
yes,ranjith,289.42887,73.88293,0.66629,,11
yes,martha,246.63484,66.28702,0.70535,45,7
yes,iqrha,287.60305,73.09823,0.67638,57,9
yes,venkana,190.80367,65.85704,0.55283,16,15
yes,ranjith,228.08644,68.68087,0.60763,,11
yes,bhojaraj,211.89638,58.2289,0.78534,,5
yes,kelvin,180.6546,65.17433,0.53445,,11
yes,manohar,236.77034,70.09023,0.60565,74,11
yes,ruben,162.65845,55.95055,0.65295,,9
yes,bhavana,250.8021,71.78385,0.61163,34,13
yes,teesta,157.19509,55.28669,0.64626,11,11
yes,ashley,190.85721,60.33696,0.6588,19,9
yes,richman,249.62433,73.03539,0.58807,,11
yes,richman,285.66734,73.30376,0.66806,13,9
yes,venkana,175.84774,58.62203,0.64302,14,9
yes,teresa,262.06131,68.95896,0.69252,11,9
yes,bhojaraj,252.11511,64.75249,0.75561,77,7
yes,ranjith,262.68964,79.12538,0.52726,73,15
yes,martha,277.05951,77.32175,0.58234,77,23
yes,iqrha,233.01164,61.86189,0.76514,,7
yes,bhavana,274.09819,73.15239,0.64366,28,9
yes,kelvin,246.26854,65.91036,0.71238,41,9
yes,ashley,223.19504,63.55996,0.69427,48,9
yes,andy,218.65586,62.13349,0.71174,50,9
yes,richman,17.66648,16.81251,0.78541,,5
yes,ruben,112.71894,50.10887,0.56413,,9
yes,venkana,275.77749,67.96159,0.75031,,5
yes,bhojaraj,287.1635,67.79844,0.78505,,5
yes,ranjith,251.20502,66.79151,0.70761,,7
yes,richman,239.8021,64.18773,0.73141,49,7
yes,iqrha,299.56667,76.44708,0.64414,,9
yes,venkana,144.51297,50.24169,0.71943,53,7
yes,teresa,324.38146,72.04318,0.78538,66,5
yes,bhojaraj,153.46174,56.444,0.6053,,7
yes,kelvin,256.21193,67.09607,0.71518,,9
yes,martha,236.02649,73.95707,0.54226,,29
yes,ruben,26.13062,21.36711,0.71923,,5
yes,venkana,260.78211,74.21046,0.59505,,11
yes,teesta,123.51888,46.1802,0.72783,24,7
yes,ashley,235.70528,63.7472,0.72888,49,7
yes,bhojaraj,203.70274,57.21773,0.78189,45,5
yes,richman,18.08349,17.2549,0.76325,,5
yes,ruben,197.81673,58.39104,0.72909,40,9
yes,bhavana,224.78137,68.16264,0.60796,,11
yes,bhojaraj,218.6953,59.16647,0.78505,,5
yes,ashley,218.70939,61.99883,0.71501,58,7
yes,martha,231.52957,65.82108,0.67156,42,9
yes,iqrha,309.96932,79.89163,0.61028,,9
yes,bhavana,171.99887,56.13356,0.68595,54,13
yes,teresa,251.67838,66.37242,0.71793,,7
yes,andy,189.47657,66.1672,0.54385,20,17
yes,kelvin,193.88897,65.954,0.56012,26,13
yes,richman,229.16277,64.06667,0.7016,42,9
yes,ruben,237.44094,70.06713,0.60777,74,11
yes,bhavana,258.51674,68.73147,0.68768,43,17
yes,teesta,154.62823,56.07739,0.61791,,11
yes,ashley,203.98732,64.91514,0.6083,20,13
yes,bhojaraj,151.5204,55.79028,0.61174,31,7
yes,richman,379.11375,109.62792,0.3964,,22
yes,ruben,167.0145,58.13951,0.6209,,11
yes,teresa,230.74627,67.96546,0.62772,47,7
yes,bhojaraj,213.10233,61.46925,0.70873,58,7
yes,ranjith,227.51446,73.20316,0.53353,31,11
yes,martha,215.12256,66.5572,0.61025,44,11
yes,iqrha,238.94555,68.25542,0.64452,,9
yes,venkana,184.49502,60.01171,0.64376,62,11
yes,ranjith,186.77447,62.89352,0.59336,19,13
yes,andy,225.64074,76.51802,0.48428,46,13
yes,kelvin,199.42559,67.18447,0.5552,14,13
yes,richman,213.71093,58.47837,0.78532,,5
yes,ruben,30.46694,30.38038,0.41481,,5
yes,venkana,230.92941,67.04257,0.64564,,17
yes,teesta,209.49014,61.72984,0.69085,48,9
yes,ashley,221.68198,67.82196,0.60562,,11
yes,bhojaraj,226.70862,61.10217,0.76307,43,5
yes,richman,198.85362,62.84748,0.63266,,9
yes,ruben,292.27748,75.19802,0.64952,,11
yes,teresa,218.24167,61.85541,0.71679,55,9
yes,andy,203.09414,67.06275,0.56747,14,13
yes,ashley,262.76572,79.4425,0.52321,78,11
yes,richman,203.24629,64.66376,0.61082,64,9
yes,iqrha,265.03108,67.48134,0.73137,18,5
yes,bhavana,180.66869,62.41664,0.58276,52,13
yes,ashley,276.86791,95.47942,0.38165,1,17
yes,bhojaraj,263.0024,72.41466,0.63025,5,9
yes,kelvin,238.22142,66.79682,0.67093,21,9
yes,manohar,208.47579,65.59584,0.60885,65,10
yes,ruben,40.48922,26.38592,0.73081,,5
yes,bhavana,232.90175,65.08321,0.69095,,9
yes,teesta,192.09414,55.54324,0.78246,6,5
yes,ashley,183.88923,58.76844,0.66908,39,9
yes,richman,196.91227,59.46676,0.69974,55,9
yes,richman,232.89893,69.8669,0.59956,,13
yes,venkana,132.21406,47.92142,0.72348,36,7
yes,teresa,203.79854,65.39848,0.59879,10,13
yes,andy,259.26341,68.60463,0.69222,23,9
yes,ashley,241.673,69.03869,0.63717,60,9
yes,richman,174.99118,57.56368,0.66363,46,7
yes,iqrha,254.84257,65.18393,0.7537,43,5
yes,venkana,213.53342,60.97195,0.7218,55,9
yes,kelvin,275.21678,83.84722,0.49193,78,11
yes,ranjith,233.33003,64.59841,0.70265,65,7
yes,bhojaraj,206.39357,57.50647,0.78428,55,5
yes,manohar,242.27879,64.56194,0.73042,42,7
yes,ruben,202.82646,64.31442,0.61619,12,9
yes,venkana,356.14168,83.39469,0.64351,,13
yes,bhojaraj,163.65871,58.18418,0.60749,33,7
yes,ashley,208.50397,64.57171,0.6284,40,11
yes,richman,188.31289,65.33862,0.55431,3,9
yes,iqrha,165.45353,55.41601,0.67704,,9
yes,venkana,261.68939,85.20846,0.45293,1,13
yes,teresa,231.42532,72.25695,0.55701,31,13
yes,bhojaraj,186.96044,59.70995,0.65897,,7
yes,ashley,167.05676,56.57147,0.65596,46,9
yes,martha,204.09157,70.13583,0.52138,16,19
yes,ruben,267.14994,82.69089,0.49096,78,11
yes,bhavana,263.59128,68.91615,0.69743,44,11
yes,teesta,232.11563,62.45068,0.74789,50,7
yes,ashley,214.64075,68.37539,0.57693,55,19
yes,andy,224.42635,77.96361,0.46398,1,11
yes,manohar,228.1766,65.49143,0.66852,,9
yes,ruben,121.58035,46.27743,0.7134,30,7
yes,bhavana,239.95426,63.92916,0.7378,50,9
yes,bhojaraj,245.04288,78.69712,0.4972,1,9
yes,ashley,229.12614,66.41068,0.65284,21,9
yes,richman,232.47629,63.21395,0.73108,17,7
yes,iqrha,195.79931,66.18116,0.56176,,10
yes,bhavana,201.36975,65.53042,0.58927,14,13
yes,teresa,178.87386,58.22923,0.66294,26,9
yes,bhojaraj,262.39097,69.78737,0.67703,71,7
yes,ashley,827.66777,123.19842,0.68526,,5
yes,richman,247.52802,67.21699,0.68846,44,11
yes,ruben,214.70837,78.61784,0.43653,,10
yes,venkana,291.22651,71.04278,0.7251,,7
yes,teesta,223.54161,63.14307,0.70456,58,9
yes,ranjith,299.01441,72.70389,0.71086,,9
yes,andy,217.32876,62.80469,0.69238,58,11
yes,richman,43.35474,27.7066,0.70971,,7
yes,ruben,129.70919,47.88518,0.71085,,8
yes,teresa,250.24984,65.20514,0.73964,76,7
yes,bhojaraj,197.38563,61.40995,0.65773,16,9
yes,ashley,22.71848,21.65454,0.60882,,5
yes,martha,199.91868,64.21979,0.60915,26,13
yes,iqrha,181.99579,63.36648,0.56958,19,13
yes,bhavana,178.71326,56.08019,0.71408,53,9
yes,ranjith,245.05697,68.62139,0.65397,18,7
yes,andy,197.69839,65.95522,0.5711,3,9
yes,kelvin,205.91176,63.95336,0.63265,,11
yes,richman,179.61208,61.48525,0.59704,19,13
yes,ruben,184.08646,58.84655,0.66802,,7
yes,bhavana,249.81875,71.175,0.6197,63,9
yes,teesta,251.96859,66.53908,0.71516,23,9
yes,ashley,273.50085,71.63382,0.66978,67,9
yes,richman,211.92456,59.01694,0.76461,,7
yes,richman,231.59719,71.18696,0.5743,,13
yes,ruben,17.99051,17.41183,0.7457,,5
yes,teresa,283.94014,72.03788,0.68757,,9
yes,bhojaraj,151.5683,49.35695,0.78185,27,5
yes,kelvin,255.64841,68.33921,0.68788,44,11
yes,martha,196.82493,63.19494,0.61933,72,9
yes,iqrha,254.23678,66.38321,0.72499,,7
yes,bhavana,245.58668,72.04265,0.59461,12,13
yes,kelvin,237.4184,75.02977,0.52998,79,11
yes,ranjith,301.3474,74.58472,0.68073,,9
yes,andy,175.47299,53.00836,0.78475,9,5
yes,manohar,256.14149,68.71018,0.68178,44,11
yes,ruben,133.09034,48.15954,0.72109,36,7
yes,venkana,223.68249,80.16784,0.43736,,9
yes,bhojaraj,360.34839,83.02771,0.65688,22,9
yes,ranjith,124.72482,46.83044,0.71467,37,7
yes,richman,207.98553,64.48019,0.62862,20,11
yes,richman,309.34381,77.04638,0.65486,,7
yes,venkana,219.6702,79.07748,0.44144,,9
yes,teresa,235.20938,72.29618,0.5655,12,13
yes,andy,189.03702,56.90255,0.73366,55,9
yes,ranjith,335.74774,73.59367,0.77901,,5
yes,martha,226.7537,66.22352,0.64974,47,7
yes,iqrha,238.52009,73.95712,0.54799,31,11
yes,bhavana,226.5142,69.62365,0.58721,,11
yes,kelvin,391.57045,89.03525,0.62072,22,9
yes,ashley,233.33848,66.05116,0.6721,9,11
yes,bhojaraj,237.09437,62.62333,0.75973,28,7
yes,richman,226.19299,73.50916,0.52602,29,15
yes,ruben,68.64289,36.87408,0.6344,,5
yes,bhavana,219.13767,67.48081,0.60474,33,11
yes,bhojaraj,226.10847,64.92775,0.67401,62,9
yes,ashley,244.38074,67.76754,0.6687,65,11
yes,richman,157.79806,53.91668,0.68213,52,9
yes,iqrha,39.48896,25.30246,0.7751,,5
yes,bhavana,167.34698,55.24922,0.68893,,9
yes,teresa,331.30153,80.88329,0.63638,2,11
yes,andy,281.27749,70.68291,0.70748,2,9
yes,ranjith,188.79189,57.29155,0.72279,,9
yes,martha,127.68896,47.45629,0.71248,24,7
yes,ruben,103.18129,42.98285,0.70181,,5
yes,venkana,193.21837,59.32389,0.68992,20,7
yes,teesta,184.93738,54.55034,0.78098,40,5
yes,ranjith,213.97297,58.58457,0.78343,,5
yes,bhojaraj,277.68502,66.67604,0.78491,,5
yes,richman,170.42664,54.39301,0.72387,35,7
yes,ruben,226.71989,68.40326,0.6089,28,11
yes,bhavana,249.40737,73.02268,0.58776,31,11
yes,bhojaraj,204.37897,59.70748,0.72042,65,7
yes,ranjith,267.22883,70.10194,0.68333,,9
yes,martha,227.17634,68.9047,0.60128,74,11
yes,iqrha,249.35384,73.98132,0.57251,12,13
yes,venkana,279.08538,74.97341,0.62392,,9
yes,ranjith,280.28569,75.3568,0.62025,,15
yes,andy,208.41662,68.11368,0.56451,,11
yes,ranjith,253.69016,69.30867,0.66365,44,9
yes,martha,29.10039,21.90311,0.76225,,5
yes,ruben,29.47514,21.7191,0.7852,,5
yes,bhavana,272.59921,73.77567,0.62937,62,13
yes,teesta,189.30188,60.31547,0.65389,49,9
yes,ashley,23.06505,19.48826,0.76316,,5
yes,bhojaraj,209.96631,61.15065,0.7056,38,7
yes,richman,204.31698,68.48527,0.54742,30,13
yes,ruben,114.53912,46.71259,0.65962,10,9
yes,teresa,163.36568,55.63073,0.66335,35,7
yes,bhojaraj,189.84005,60.71341,0.64718,69,7
yes,ashley,121.52682,45.84451,0.72662,52,7
yes,martha,381.68905,93.18181,0.5524,22,13
yes,iqrha,180.31649,64.03744,0.55256,37,11
yes,bhavana,181.04907,59.225,0.64863,,13
yes,ranjith,221.56646,66.06895,0.63785,,9
yes,bhojaraj,224.88844,65.00229,0.66884,21,9
yes,kelvin,260.53134,72.91296,0.61583,80,9
yes,richman,200.11309,66.84706,0.56276,14,13
yes,ruben,136.66872,58.59335,0.50024,,9
yes,venkana,255.54979,72.79334,0.60604,,9
yes,teesta,255.21449,76.4199,0.54916,43,35
yes,ranjith,255.24267,68.14946,0.69062,6,9
yes,richman,175.57161,55.18279,0.72453,,9
yes,richman,275.72396,79.35273,0.55025,,11
yes,ruben,61.2889,31.49998,0.77619,,6
yes,teresa,224.24884,67.27332,0.62266,,11
yes,andy,239.61896,65.95327,0.69224,21,9
yes,ashley,205.02702,63.39191,0.64114,35,10
yes,richman,239.61614,65.49709,0.70191,21,9
yes,iqrha,237.2916,66.66098,0.67104,10,9
yes,venkana,203.47451,57.91586,0.7623,42,7
yes,kelvin,236.29698,69.36007,0.61723,74,13
yes,ranjith,204.47477,57.21603,0.7849,7,5
yes,andy,158.63771,55.08089,0.65707,64,9
yes,manohar,263.48985,71.7737,0.64275,75,12
yes,ruben,378.66856,79.67532,0.74959,,8
yes,bhavana,197.90408,59.28326,0.70762,49,7
yes,bhojaraj,140.85007,47.73146,0.77689,26,5
yes,ashley,247.69708,68.36484,0.66599,,9
yes,richman,170.46608,59.63341,0.60238,24,11
yes,iqrha,256.5106,73.56863,0.59557,59,13
yes,venkana,183.25808,56.54719,0.7202,,7
yes,teresa,261.75137,74.59769,0.59108,62,15
yes,bhojaraj,221.20862,61.62472,0.73198,,5
yes,kelvin,231.29007,65.0347,0.68719,58,7
yes,richman,241.03059,73.11275,0.56662,38,13
yes,iqrha,255.02008,69.68738,0.6599,75,9
yes,bhavana,177.55803,64.62837,0.5342,27,11
yes,kelvin,179.73042,57.8445,0.675,51,9
yes,ranjith,281.09998,71.08734,0.69901,,7
yes,andy,158.52219,55.84398,0.63877,54,9
yes,manohar,309.57204,79.85798,0.61001,22,8
yes,ruben,26.33631,21.21178,0.73555,,7
yes,bhavana,179.14436,57.84222,0.67286,3,7
yes,bhojaraj,257.05158,67.31869,0.71278,23,9
yes,ranjith,156.89924,55.25631,0.64575,,7
yes,martha,243.55236,63.49953,0.75903,,11
yes,iqrha,164.13207,57.57339,0.62224,24,11
yes,bhavana,166.71019,57.53735,0.63281,24,9
yes,teresa,183.14538,64.04167,0.56115,59,11
yes,andy,180.35593,60.98085,0.60947,49,11
yes,kelvin,192.13077,64.6613,0.57745,16,13
yes,richman,250.19349,65.45564,0.73382,41,7
yes,ruben,24.14701,20.44982,0.72559,,5
yes,venkana,149.94535,54.38318,0.63711,27,10
yes,teesta,180.79548,63.45741,0.5642,16,15
yes,ranjith,212.75858,67.23982,0.59135,,7
yes,andy,158.98428,55.56566,0.64707,11,11
yes,richman,235.277,66.70849,0.6644,34,9
yes,ruben,25.35014,21.55217,0.68582,,5
yes,bhavana,305.95421,72.69724,0.7275,2,7
yes,bhojaraj,217.6866,60.44273,0.74878,,5
yes,ashley,168.26552,56.3228,0.66656,51,9
yes,martha,239.81056,64.67153,0.72053,,7
yes,iqrha,250.14277,72.99227,0.58999,60,13
yes,venkana,198.56622,59.69796,0.70016,,7
yes,ranjith,266.90762,70.47002,0.6754,,9
yes,bhojaraj,171.317,52.86482,0.77033,7,5
yes,ranjith,216.78777,58.95513,0.78379,14,5
yes,richman,183.21864,60.70865,0.62471,26,11
yes,ruben,307.87301,76.0549,0.66885,,9
yes,bhavana,214.99577,68.58636,0.57433,20,11
yes,teesta,134.13849,49.08689,0.69957,46,5
yes,ranjith,231.28725,64.30401,0.70289,38,7
yes,bhojaraj,134.14694,48.21541,0.72513,52,7
yes,richman,255.77802,66.82553,0.71976,,9
yes,ruben,83.43822,36.84795,0.77223,39,5
yes,teresa,232.94401,65.72201,0.6777,21,9
yes,andy,147.60672,54.4325,0.62604,37,7
yes,ranjith,410.86552,81.24873,0.78212,,5
yes,martha,251.41352,66.0893,0.72333,,9
yes,iqrha,222.17788,66.73163,0.62697,47,7
yes,bhavana,265.3861,76.86136,0.56451,51,15
yes,ranjith,230.78008,65.63617,0.67316,11,9
yes,andy,246.26854,69.60278,0.6388,28,13
yes,kelvin,244.6625,68.53068,0.65465,75,9
yes,manohar,258.90276,66.94677,0.72592,,9
yes,ruben,229.43044,70.28308,0.58366,75,11
yes,venkana,169.21224,57.20863,0.64971,11,11
yes,teesta,203.10259,65.14627,0.60138,62,15
yes,ranjith,203.28573,65.71347,0.59157,,11
yes,richman,234.99524,65.19864,0.69469,,9
yes,richman,294.19346,74.01796,0.67479,,9
yes,venkana,240.51778,68.87306,0.63717,18,7
yes,teresa,259.5818,66.06801,0.74731,43,5
yes,bhojaraj,224.40662,70.61491,0.56553,60,9
yes,kelvin,197.33774,63.43929,0.61617,53,13
yes,richman,35.82887,24.42448,0.75473,,5
yes,iqrha,229.32901,65.19741,0.67797,58,7
yes,venkana,170.81828,58.17901,0.63418,49,9
yes,kelvin,244.43709,79.02901,0.49182,1,9
yes,ashley,229.92352,63.15011,0.72451,45,7
yes,bhojaraj,158.61798,54.70027,0.66617,34,7
yes,manohar,270.50572,84.1676,0.47984,78,11
yes,ruben,32.74639,22.92693,0.78285,,5
yes,bhavana,222.61461,62.80719,0.70916,,9
yes,bhojaraj,141.32343,47.75512,0.77872,,5
yes,ranjith,403.88627,99.32986,0.51441,,17
yes,richman,267.4486,70.61651,0.67396,60,7
yes,iqrha,272.02724,67.9638,0.74006,25,7
yes,venkana,270.75649,77.42106,0.56764,,11
yes,teresa,309.70729,77.30739,0.65121,57,9
yes,bhojaraj,171.00707,52.54069,0.77845,39,5
yes,ashley,194.28907,59.75954,0.68367,27,9
yes,martha,242.6958,72.50317,0.58017,73,11
yes,ruben,179.21761,60.98158,0.60561,33,7
yes,bhavana,177.04241,56.65159,0.69321,37,7
yes,teesta,235.23756,65.82541,0.68223,63,15
yes,ashley,251.67556,72.60747,0.59991,5,9
yes,andy,129.57113,52.77435,0.58462,,11
yes,richman,171.14795,59.81294,0.60116,37,11
yes,ruben,178.9443,59.89168,0.62689,,7
yes,bhavana,194.70608,67.11339,0.54321,,11
yes,bhojaraj,183.59901,59.37021,0.65455,,11
yes,ranjith,322.04565,79.34934,0.64275,,7
yes,martha,210.57492,63.86118,0.64885,27,9
yes,iqrha,247.26035,66.20583,0.70888,,7
yes,venkana,120.62518,45.96996,0.7173,19,7
yes,teresa,262.75163,70.5994,0.66245,75,9
yes,bhojaraj,184.06392,63.40497,0.57535,51,11
yes,ashley,317.67552,71.32749,0.78466,66,5
yes,martha,205.08056,66.74661,0.57846,10,13
yes,ruben,118.20203,45.45844,0.7188,19,7
yes,venkana,188.86515,58.67798,0.6893,65,7
yes,teesta,33.52687,24.14877,0.72246,,5
yes,ashley,263.57719,71.217,0.65306,62,11
yes,bhojaraj,188.67073,58.83479,0.68493,,5
yes,richman,23.2651,20.07373,0.72553,,5
yes,ruben,23.73282,19.67853,0.77015,,5
yes,teresa,187.87335,59.41369,0.66881,46,7
yes,bhojaraj,157.87413,50.26131,0.78533,,5
yes,ranjith,261.05824,65.13452,0.77326,25,5
yes,martha,217.16815,65.90443,0.62831,55,23
yes,iqrha,257.12484,70.84092,0.64385,,7
yes,bhavana,211.01165,60.05798,0.73515,60,7
yes,ranjith,248.67761,72.34904,0.59701,,11
yes,andy,213.49116,66.84503,0.60041,63,13
yes,kelvin,219.61667,62.36033,0.70967,55,9
yes,richman,204.71145,65.2419,0.60436,7,11
yes,ruben,332.9752,72.99744,0.78525,66,5
yes,bhavana,220.214,66.84882,0.61925,7,11
yes,teesta,194.44967,56.82506,0.75672,42,7
yes,ashley,220.15483,62.31868,0.71236,50,9
yes,bhojaraj,178.83442,60.68516,0.61023,54,11
yes,richman,228.09771,64.82626,0.68207,,9
yes,ruben,176.91562,61.80306,0.58204,29,13
yes,teresa,262.05568,70.54976,0.66163,23,11
yes,bhojaraj,212.17251,70.02302,0.54377,,11
yes,ranjith,197.17431,56.2026,0.78442,,5
yes,martha,203.14203,67.66759,0.5575,20,15
yes,iqrha,231.59156,67.10398,0.6463,,9
yes,venkana,212.37538,67.19619,0.59105,7,11
yes,kelvin,245.15277,64.26982,0.74582,43,5
yes,ranjith,280.32231,72.91774,0.66252,13,9
yes,bhojaraj,215.89459,66.44734,0.61446,79,9
yes,richman,22.9298,19.35411,0.76924,,5
yes,ruben,198.11822,58.58851,0.72529,,7
yes,venkana,285.53773,73.67272,0.66109,57,11
yes,teesta,208.53496,65.81117,0.60505,,11
yes,ashley,290.62072,76.21433,0.62873,31,9
yes,richman,9.28688,12.33582,0.76691,,5
yes,richman,205.12846,64.44705,0.62063,,11
yes,venkana,172.41588,57.38498,0.65795,51,11
yes,teresa,258.42658,76.77895,0.55089,79,11
yes,andy,213.89689,63.652,0.66342,48,9
yes,ashley,258.59,71.30019,0.6392,43,33
yes,martha,302.77876,86.97327,0.50299,56,17
yes,iqrha,269.4463,70.70139,0.67737,,7
yes,bhavana,23.23974,19.96726,0.73249,,5
yes,kelvin,198.50705,63.56497,0.61738,12,9
yes,ashley,7.771,11.16114,0.78392,,5
yes,bhojaraj,228.17096,64.34655,0.6925,,9
yes,manohar,252.64764,66.47296,0.71851,,7
yes,ruben,116.1508,45.23961,0.71317,,7
yes,bhavana,289.38378,73.34369,0.67602,57,11
yes,bhojaraj,162.67536,55.84748,0.65543,24,9
yes,ashley,156.37234,58.14791,0.58117,,15
yes,richman,223.97271,61.28863,0.74928,50,9
yes,iqrha,205.12282,65.32944,0.60396,26,11
yes,bhavana,173.44713,58.3044,0.64117,11,11
yes,teresa,199.23118,65.2745,0.5876,,9
yes,andy,216.6159,70.26879,0.55128,38,13
yes,ranjith,174.13462,57.18398,0.66918,,7
yes,richman,216.79341,62.33561,0.70111,40,9
yes,ruben,133.79756,48.42746,0.71693,7,7
yes,venkana,208.56314,67.68123,0.57215,3,9
yes,teesta,260.06925,64.96281,0.77441,25,5
yes,ranjith,221.62281,67.56556,0.61006,,9
yes,bhojaraj,206.85284,64.4937,0.62494,72,9
yes,manohar,235.02342,66.35944,0.67068,,9
yes,ruben,25.67698,21.27258,0.71304,,5
yes,bhavana,268.43759,70.2657,0.68323,21,9
yes,bhojaraj,234.49089,65.31379,0.69076,48,9
yes,ashley,308.61687,74.70327,0.69494,,7
yes,richman,274.09819,72.24301,0.65997,,10
yes,iqrha,205.12564,65.32948,0.60396,27,11
yes,bhavana,259.14507,70.62893,0.65281,,9
yes,teresa,161.28064,55.82544,0.65032,36,7
yes,bhojaraj,328.45292,85.00101,0.57126,,11
yes,ranjith,245.14431,72.01328,0.59403,72,11
yes,martha,200.33568,64.43807,0.60629,79,9
yes,ruben,159.90282,69.56967,0.41517,70,13
yes,bhavana,193.56776,60.56569,0.66312,26,9
yes,teesta,233.94145,64.79352,0.70025,21,9
yes,ashley,197.26166,63.97736,0.60562,3,9
yes,bhojaraj,164.70405,54.2746,0.70262,64,7
yes,richman,103.2799,48.16101,0.55954,,9
yes,ruben,201.71914,57.35072,0.77069,,7
yes,teresa,194.93994,66.84249,0.54828,16,13
yes,bhojaraj,372.96006,82.93503,0.68139,,11
yes,ashley,242.86204,64.97306,0.72294,42,7
yes,richman,278.18374,75.18567,0.6184,5,11
yes,iqrha,264.8423,69.42419,0.69052,28,10
yes,venkana,242.42813,68.08363,0.65721,43,19
yes,ranjith,195.11181,61.00506,0.65881,46,7
yes,bhojaraj,225.99294,67.00052,0.63263,74,9
yes,kelvin,240.90098,64.49461,0.72778,42,8
yes,richman,216.42712,68.49392,0.57972,,11
yes,ruben,244.23986,81.39748,0.46324,1,11
yes,venkana,223.31057,64.15254,0.68185,21,9
yes,teesta,223.40355,61.26269,0.74801,18,5
yes,ranjith,262.16838,69.71744,0.67781,67,9
yes,bhojaraj,337.14528,75.72852,0.73877,,5
yes,richman,203.53368,68.70354,0.54186,,11
yes,ruben,289.38378,84.53376,0.50889,22,11
yes,teresa,217.37384,66.37932,0.61994,72,9
yes,bhojaraj,188.36079,55.03159,0.78158,,5
yes,ashley,111.25377,43.6552,0.73359,24,7
yes,richman,229.42762,65.2116,0.67796,65,9
yes,iqrha,335.75056,76.87389,0.71395,,7
yes,bhavana,27.33374,22.88861,0.65565,,9
yes,kelvin,133.6116,48.40082,0.71672,37,7
yes,ashley,271.61868,72.5768,0.648,28,11
yes,andy,239.30902,64.7106,0.71815,41,7
yes,manohar,215.37051,77.78338,0.44732,,9
yes,ruben,125.64336,47.29674,0.70581,,9
yes,bhavana,253.7606,67.5198,0.69947,41,9
yes,teesta,135.35007,52.30122,0.62179,64,11
yes,ashley,289.99521,82.30921,0.5379,57,21
yes,richman,265.5777,72.18684,0.64045,56,9
yes,richman,220.30698,70.82641,0.55188,,13
yes,venkana,225.17301,60.29258,0.77839,45,5
yes,teresa,202.13896,66.2617,0.57854,33,13
yes,bhojaraj,239.60769,61.91894,0.78535,,5
yes,ranjith,143.38874,48.00751,0.78182,,5
yes,martha,127.47764,47.0357,0.72408,37,7
yes,iqrha,193.5424,67.35004,0.53618,14,11
yes,venkana,143.62542,50.34476,0.71209,26,7
yes,kelvin,290.04592,73.82632,0.66873,57,9
yes,ranjith,263.7857,72.81254,0.62524,80,11
yes,andy,33.7382,23.91303,0.74142,,6
yes,manohar,276.52134,67.89848,0.75373,,7
yes,ruben,208.77164,66.86411,0.58681,,7
yes,venkana,237.35641,66.43573,0.67578,58,11
yes,bhojaraj,210.72989,65.8575,0.61056,20,11
yes,ranjith,235.71655,65.65314,0.68721,,13
yes,richman,235.63766,65.60091,0.68807,11,9
